name,phone,email,all_emails,whatsapp,all_whatsapp,website,has_website,address,rating,review_count,category,business_hours,instagram,facebook,twitter,linkedin,tiktok,youtube,has_chatbot,chatbot_type,has_google_analytics,has_meta_pixel,cms_platform,is_automated,quality_score,google_maps_url
Yasmine Palace Doha Festival City,+974 5009 9982,www.gst@ic.com,www.gst@ic.com; jquery.d@epicker.setdefaults; m@h.round; wc-layered-nav-r@ing.chosen; woocommerce-vari@ion-add-to-cart.vari; woocommerce-vari@ion.single; authentic@ionservice.authentic; my.m@terport.com; www.luxury-sign@ure.com; st@ic.tacdn.com; www.zom@o.com; ud@a.vst; ud@a.uag; ion.p@hname.replace; this.p@hname.replace; loc@ion.hostname; maps.gst@ic.com; k@ara.html; n@ionalmuseum.html; raml@alereiq.html; rawd@-al-qaf.html,,,https://www.yasminepalace.com/,Yes,"
9CMR+P5P Alnuaimi Area, Doha, Qatar",4.9,0,Middle Eastern restaurant,,https://instagram.com/yasminepalace,https://facebook.com/YasminePalaceQatar,,,,https://youtube.com/UCg01H3yK6T6aEsqLMRfIJvw,Yes,click-to-chat,Yes,Yes,wordpress,Yes,high,https://www.google.com/maps/place/Yasmine+Palace+Doha+Festival+City/data=!4m7!3m6!1s0x3e45ddf325eff0d9:0x51e7f8338868db38!8m2!3d25.3844758!4d51.440654!16s%2Fg%2F11p655275f!19sChIJ2fDvJfPdRT4RONtoiDP451E?authuser=0&hl=en&rclk=1
Saffron Doha,+974 4410 3310,,,,,https://www.banyantree.com/qatar/doha/dining/saffron,Yes,"
Al Khaleej St, Doha, Qatar",4.7,0,Thai restaurant,"
Closed · Opens 12:30 PM

Updated by this business 8 weeks ago

See more hours

",,,,,,,No,,No,No,,No,low,https://www.google.com/maps/place/Saffron+Doha/data=!4m7!3m6!1s0x3e45c5b6e6096289:0x4bfe5f2a626e8e08!8m2!3d25.2856025!4d51.5171503!16s%2Fg%2F11nmrnz1m2!19sChIJiWIJ5rbFRT4RCI5uYipf_ks?authuser=0&hl=en&rclk=1
Bayt El Talleh Restaurant,+974 5010 1777,,,+97450101777,+97450101777,,No,"
Katara Hills, Katara Cultural Village, Doha, Qatar",4.6,0,Restaurant,"
Open · Closes 12 PM · Reopens 1 PM

Updated by this business 4 weeks ago

See more hours

",,https://www.facebook.com/bayt.eltalleh/,,,,,No,,No,No,,No,medium,https://www.google.com/maps/place/Bayt+El+Talleh+Restaurant/data=!4m7!3m6!1s0x3e45c320a5f7c5ff:0x56549b9571715037!8m2!3d25.3634418!4d51.5250638!16s%2Fg%2F11j0zy01dv!19sChIJ_8X3pSDDRT4RN1BxcZWbVFY?authuser=0&hl=en&rclk=1
"Baith Maryam Brothers Restaurant, Qatar",+974 3114 4668,hospitality@baithmaryam.com,hospitality@baithmaryam.com; 5d1795a2db124a268f1e1bd88f503500@sentry.wixpress.com; st@ic.parastorage.com; d@e.now; st@ic.wixst; music.wixst@ic.com; st@icorigin.wixst; video.wixst@ic.com; m@h.round; window.loc@ion.reload; loc@ion.hostname; loc@ion.href; loc@ion.protocol; navig@or.serviceworker.register; navig@or.serviceworker; helveticaneuew01-45ligh.l@in-ext.woff; helveticaneuew01-45ligh.l@in.woff; helveticaneuew01-65medi.l@in-ext.woff; helveticaneuew01-65medi.l@in.woff; helveticaneuew02-45ligh.m@h.woff; helveticaneuew02-45ligh.l@in-ext.woff; helveticaneuew02-45ligh.l@in.woff; helveticaneuew02-65medi.m@h.woff; helveticaneuew02-65medi.l@in-ext.woff; helveticaneuew02-65medi.l@in.woff; helveticaneuew10-45ligh.m@h.woff; helveticaneuew10-45ligh.l@in-ext.woff; helveticaneuew10-45ligh.l@in.woff; helveticaneuew10-65medi.m@h.woff; helveticaneuew10-65medi.l@in-ext.woff; helveticaneuew10-65medi.l@in.woff; neue-haas-grotesk-display-pro.m@h.woff; neue-haas-grotesk-display-pro.l@in-ext.woff; neue-haas-grotesk-display-pro.l@in.woff; ogg.m@h.woff; ogg.l@in-ext.woff; ogg.l@in.woff; anim@ed-icon.anim; builder-st@e.mjs; builder-st@e-react.mjs; el.d@aset.motionenter; m@h.random; navig@or.sendbeacon; window.fedops.d@a.site.editorname; window.fedops.d@a.site.isresponsive; window.fedops.d@a.site.metasiteid; m@h.trunc; window.fedops.d@a.pl; m@h.max; m@h.min; m@h.sqrt; m@h.pow; navig@or.useragent; -m@h.max; m@h.floor; this.children@tributesobservers.push; o.d@aset.bgeffectname; window.loc@ion.search.split; this.d@aset.tiledimageinfo; s.imaged@a.displaymode; t.mut@ionservice.measure; t.mut@ionservice.mut; t.mut@ionservice.clear; this._mut@ionids.read; this._mut@ionids.write; e.d@aset.src; this.d@aset.src; this.d@aset.videoinfo; w.d@aset.hasalpha; n.mut@ionservice.measure; n.mut@ionservice.mut; m@h.hypot; m@h.acos; m@h.abs; m@h.cos; m@h.sin; m@h.ceil; m@h.tan; m@h.pi; e.imaged@a.uri; e.imaged@a.devicepixelr; d@aset.mediaheightoverridetype; f.d@aset.ssrsrcdone; m.d@aset.transitioned; f.d@aset.loaddone; window.loc@ion.href; this.d@aset.imageinfo; this.d@aset.isresponsive; this.d@aset.hasssrsrc; p.d@aset.ssrsrcdone; %5b%7b%22artifactid%22%3a%22editor-elements%22%2c%22namespace%22%3a%22wixui%22%2c%22url%22%3a%22https%3a%2f%2fst@ic.parastorage.com; %2fservices%2feditor-elements%2f1.15157.0%22%7d%2c%7b%22artifactid%22%3a%22editor-elements%22%2c%22namespace%22%3a%22dsgnsys%22%2c%22url%22%3a%22https%3a%2f%2fst@ic.parastorage.com; frame.module_metad@a.appid; v.module_metad@a.appid; v.module_metad@a.release; v.module_metad@a.dsn; framesmodulemetad@a.slice; specs.tablereserv@ions.showguidanceafterinstall; specs.tablereserv@ions.showonlyavailableslots; specs.tablereserv@ions.experiencesseointegr; specs.tablereserv@ions.wdspanels; specs.tablereserv@ions.paymenttokeniz; specs.tablereserv@ions.experiencesaddon; specs.tablereserv@ions.checkoutpreviewooi; specs.stores.fixnavig@ion.sposition; com.wixpress.table-reserv@ions.experiences; navig@or.language; epl@formworker.inline.cef181d9.bundle.min.js.map; sendbe@12.inline.995b241c.bundle.min.js.map; e.navig@or.useragent; e.navig@or.useragent.tolowercase; t.navig@or.pl,,,https://darmariyambrothers.wixsite.com/baith-maryam-brother,Yes,"
Souq Waqif, Doha, Qatar",4.7,0,Arab restaurant,,,,https://twitter.com/favicon,,,,No,,Yes,No,wix,No,medium,"https://www.google.com/maps/place/Baith+Maryam+Brothers+Restaurant,+Qatar/data=!4m7!3m6!1s0x3e45c5001159afc7:0xf97b94baffe16848!8m2!3d25.2862326!4d51.5315896!16s%2Fg%2F11wfghg3m0!19sChIJx69ZEQDFRT4RSGjh_7qUe_k?authuser=0&hl=en&rclk=1"
,,,,,,,No,,0.0,0,,,,,,,,,No,,No,No,,No,low,https://www.google.com/maps/place/Sora+Rooftop/data=!4m7!3m6!1s0x3e45c560dc4255f1:0x69c916d020261705!8m2!3d25.2841396!4d51.5278057!16s%2Fg%2F11j4d0pzt3!19sChIJ8VVC3GDFRT4RBRcmINAWyWk?authuser=0&hl=en&rclk=1
