name,category,phone,whatsapp,email,address,city,country_code,lat,lng,website_url,facebook_url,instagram_url,twitter_url,linkedin_url,rating,review_count,source_tool,source_url,description
Digital Media Company,digital marketing agency,+92 319-4217522,,info@digitalmediacompany.pk,"});                  UNLOCK THE DOOR TO THE DIGITAL EXCELLENCE!      Together, let’s unlock the full potential of your b",,,,,https://digitalmediacompany.pk/,,https://www.instagram.com/digital_mediacompany,,,,,maps-scraper,,
"Digital Marketing Agency in Lahore | SEO , PPC, SMM, Web development",digital marketing agency,+92 3245427107,,info@digitalmarketinginlahore.pk,Skip to content              +92 3245427107    info@digitalmarketinginlahore.pk                             Home  Our Se,,,,,https://digitalmarketinginlahore.pk/,https://www.facebook.com/digitalmarketinginlahorepk,https://www.instagram.com/digitalmarketinginlahorepk,https://twitter.com/dml_pk,https://www.linkedin.com/company/digital-marketing-in-lahore-pk,,,maps-scraper,,
Digital Marketing Compnay Lahore,digital marketing agency,+92 300-424-806,+923004248066,info@digitalmarketingcompanylahore.com,Skip to content                  info@digitalmarketingcompanylahore.com                  +92 300-424-806-6,,,,,https://digitalmarketingcompanylahore.com/,https://www.facebook.com/digitalmarketingcompanylahore,https://www.instagram.com/digitalmarketingcompanylahore,https://twitter.com/dmclahore,,,,maps-scraper,,
DMC,digital marketing agency,+923051636868,,info@digitalmarketingcompanypakistan.com,Skip to content              Lahore Pakistan       +923051636868       info@digitalmarketingcompanypakistan.com,,,,,https://digitalmarketingcompanypakistan.com/,,https://www.instagram.com/dmcpakistan1,https://twitter.com/pakistandmc,,,,maps-scraper,,
Rank 360,digital marketing agency,+923234147061,,support@rank360.agency,"(function(){if(typeof NPSH!==""undefined""&&NPSH.isScrolled()){setTimeout(()=>{document.body.classList.remove(""nitro-cover",,,,,https://rank360.agency/,https://www.facebook.com/rank360digitalagency,https://www.instagram.com/rank360lahore,https://twitter.com/360_rankd,,,,maps-scraper,,
DML,digital marketing agency,+92 305 788 1243,+923057881243,umar@itadvice.net,Skip to content Digital Marketing Services in Lahore     +92 305 788 1243     Home About Us DML Services Search Engine O,,,,,https://digitalmarketinginlahore.com/contact-us/,https://www.facebook.com/DMLDigitalMarketingLahore,,,,,,maps-scraper,,
expertsbunch.com,digital marketing agency,+92 300 1110371,,info@expertsbunch.com,Mon-Fri: 10:00am - 09:00pm        info@expertsbunch.com                                                Services  Portfol,,,,,https://expertsbunch.com/,https://www.facebook.com/expertsbunch,https://www.instagram.com/expertsbunch,,,,,maps-scraper,,
Digital Marketing Lahore,digital marketing agency,+92-321-111-236,,info@digitalmarketinglahore.com,"""streetAddress"": ""198-A, Johar Town, Lahore"",",,,,,https://www.digitalmarketinglahore.com/,https://www.facebook.com/dmllahore,,,,,,maps-scraper,,
Digitalhub-Clutch,digital marketing agency,+92 316 1407756,,info@digitalhub-clutch.com,"Top Digital Marketing Agency |Top SEO Company in Lahore, Pakistan |Seo Agency in Lahore, Pakistan            {""@context""",,,,,https://digitalhub-clutch.com/contact-us/,https://www.facebook.com/Digitalhubclutch,https://www.instagram.com/bestmarketingagencyy,,,,,maps-scraper,,
